{"loss": [0.6929824948310852, 0.6924492716789246, 0.6926114559173584, 0.6924188137054443, 0.6924590468406677, 0.6924681663513184, 0.6923500895500183, 0.6923507452011108, 0.6923648118972778, 0.6923437118530273, 0.6923398971557617, 0.6922792196273804, 0.6925336718559265, 0.6927745342254639, 0.6924359202384949, 0.6924579739570618, 0.692192554473877, 0.6920265555381775, 0.6920596957206726, 0.6920390725135803, 0.6920672655105591, 0.6920602321624756, 0.692061722278595, 0.6920766830444336, 0.6920514106750488, 0.6921098232269287, 0.6920377612113953, 0.6920414566993713, 0.6920455694198608, 0.6920533180236816, 0.6920585036277771, 0.6920781135559082, 0.6920537948608398, 0.6920443773269653, 0.6920387148857117, 0.692084550857544, 0.6920382976531982, 0.6920774579048157, 0.6920304298400879, 0.6920297145843506, 0.6920785307884216, 0.6920345425605774, 0.6920687556266785, 0.6920493841171265, 0.6920636296272278, 0.6921408176422119, 0.6921132206916809, 0.6920597553253174, 0.6920292377471924, 0.6920482516288757, 0.6920489072799683, 0.6920443177223206, 0.6920361518859863, 0.6920451521873474, 0.6920545697212219, 0.6920577883720398, 0.6920401453971863, 0.6920404434204102, 0.6920529007911682, 0.6920444965362549, 0.6920508146286011, 0.6920368671417236, 0.6920703053474426, 0.6920557618141174, 0.692032516002655, 0.6920468211174011, 0.6920554041862488, 0.6920377612113953, 0.692043125629425, 0.6920500993728638, 0.6920548677444458, 0.6920808553695679, 0.6920403838157654, 0.6920478343963623, 0.6920584440231323, 0.6920449733734131, 0.6920430064201355, 0.6920442581176758, 0.6920676231384277, 0.6920632123947144, 0.6920499801635742, 0.6920580267906189, 0.6920469403266907, 0.6920708417892456, 0.692050039768219, 0.6920418739318848, 0.692052960395813, 0.6920674443244934, 0.6920536756515503, 0.6939648389816284, 0.6921923756599426, 0.6920413970947266, 0.6920416951179504, 0.6920834183692932, 0.6920554637908936, 0.6920508146286011, 0.6920638084411621, 0.692088782787323, 0.6920481324195862, 0.6920567154884338], "binary_accuracy": [0.6412354707717896, 0.1372756063938141, 0.3014783561229706, 0.7476240992546082, 0.8627243638038635, 0.8627243638038635, 0.8627243638038635, 0.17502640187740326, 0.516367495059967, 0.8627243638038635, 0.5865892171859741, 0.5879091620445251, 0.5192713737487793, 0.6243399977684021, 0.5739176273345947, 0.22756071388721466, 0.1380675882101059, 0.1380675882101059, 0.5968849062919617, 0.17449840903282166, 0.1380675882101059, 0.37249207496643066, 0.6182681918144226, 0.32576557993888855, 0.8511087894439697, 0.21568109095096588, 0.49683210253715515, 0.8236536383628845, 0.7476240992546082, 0.20828934013843536, 0.3487328290939331, 0.1845300942659378, 0.1380675882101059, 0.7507919669151306, 0.8627243638038635, 0.6106124520301819, 0.8627243638038635, 0.7808870077133179, 0.8627243638038635, 0.8627243638038635, 0.8627243638038635, 0.8627243638038635, 0.6834741234779358, 0.8627243638038635, 0.8627243638038635, 0.4944561719894409, 0.8627243638038635, 0.8627243638038635, 0.5005279779434204, 0.1380675882101059, 0.1380675882101059, 0.45116156339645386, 0.8627243638038635, 0.8627243638038635, 0.8627243638038635, 0.8627243638038635, 0.8627243638038635, 0.8627243638038635, 0.8627243638038635, 0.8627243638038635, 0.7468320727348328, 0.8627243638038635, 0.8627243638038635, 0.8627243638038635, 0.8627243638038635, 0.8627243638038635, 0.8627243638038635, 0.8627243638038635, 0.8627243638038635, 0.8627243638038635, 0.8627243638038635, 0.8627243638038635, 0.8627243638038635, 0.8091341257095337, 0.22254487872123718, 0.1977296769618988, 0.48653644323349, 0.2373284101486206, 0.22518479824066162, 0.1380675882101059, 0.7457761168479919, 0.6172122359275818, 0.3223336935043335, 0.2769271433353424, 0.529831051826477, 0.35058078169822693, 0.8104540705680847, 0.8627243638038635, 0.7346884608268738, 0.4205385446548462, 0.8384371995925903, 0.8627243638038635, 0.8627243638038635, 0.36430832743644714, 0.8627243638038635, 0.8627243638038635, 0.7053854465484619, 0.20591340959072113, 0.1380675882101059, 0.1380675882101059], "val_loss": [0.695158839225769, 0.696632444858551, 0.6902621388435364, 0.6917468905448914, 0.6899570226669312, 0.688700258731842, 0.6928771734237671, 0.693775475025177, 0.6927030682563782, 0.6921737194061279, 0.6928190588951111, 0.6934419870376587, 0.6873307228088379, 0.6881900429725647, 0.6900290250778198, 0.6955426335334778, 0.6957160830497742, 0.6942064166069031, 0.692548394203186, 0.6933006644248962, 0.6932013630867004, 0.6932421922683716, 0.6927585005760193, 0.6927774548530579, 0.6912670135498047, 0.6928638219833374, 0.6929481625556946, 0.6919876337051392, 0.6928520798683167, 0.693636953830719, 0.6922351121902466, 0.6941655278205872, 0.6939173340797424, 0.691558301448822, 0.6903767585754395, 0.6917958855628967, 0.6907455921173096, 0.6923806071281433, 0.69166499376297, 0.690913736820221, 0.6905192136764526, 0.6908478140830994, 0.6916293501853943, 0.6915345788002014, 0.6899805665016174, 0.6919253468513489, 0.6903541684150696, 0.691348135471344, 0.6932476758956909, 0.6930354237556458, 0.6930219531059265, 0.6924833655357361, 0.6921502351760864, 0.6914144158363342, 0.6904388070106506, 0.6899429559707642, 0.6916992664337158, 0.6916456818580627, 0.6909241080284119, 0.6917588710784912, 0.6915171146392822, 0.6915009021759033, 0.6918654441833496, 0.6908574104309082, 0.6911128163337708, 0.6907233595848083, 0.6906383037567139, 0.6910488605499268, 0.6911940574645996, 0.6905764937400818, 0.689576268196106, 0.6917884945869446, 0.6911765933036804, 0.6928349137306213, 0.6923097372055054, 0.6935145258903503, 0.6934067010879517, 0.6933411955833435, 0.6938629150390625, 0.6930726766586304, 0.6926661133766174, 0.692898154258728, 0.6917430758476257, 0.6930792331695557, 0.6921338438987732, 0.6928215622901917, 0.6922904253005981, 0.690602719783783, 0.6922310590744019, 0.692934513092041, 0.6919915676116943, 0.6910737156867981, 0.6918666958808899, 0.6917431950569153, 0.6912773251533508, 0.6913274526596069, 0.6917807459831238, 0.6934376358985901, 0.6936329007148743, 0.6938235759735107],