{"loss": [0.6927236914634705, 0.6924216747283936, 0.6923961043357849, 0.6504721641540527, 0.26527121663093567, 0.26249247789382935, 0.17478573322296143, 0.16039107739925385, 0.15006864070892334, 0.09007307142019272, 0.07339861989021301, 0.06183847412467003, 0.06281092762947083, 0.057563308626413345, 0.058166470378637314, 0.06126018241047859, 0.05887917801737785, 0.10683125257492065, 0.22490814328193665, 0.2187596708536148, 0.21831871569156647, 0.21862733364105225, 0.2187015563249588, 0.21902330219745636, 0.21938195824623108, 0.21875940263271332, 0.21883989870548248, 0.2186446636915207, 0.21875137090682983, 0.2187202274799347, 0.21890398859977722, 0.21875767409801483, 0.2194642275571823, 0.21871480345726013, 0.21877746284008026, 0.21876676380634308, 0.21926526725292206, 0.21879826486110687, 0.219070166349411, 0.2187281996011734, 0.21865718066692352, 0.21896697580814362, 0.21887849271297455, 0.21852177381515503, 0.21226570010185242, 0.20961765944957733, 0.20749804377555847, 0.2059001624584198, 0.20274467766284943, 0.20260070264339447, 0.2018653154373169, 0.19835351407527924, 0.19791586697101593, 0.19625119864940643, 0.19375506043434143, 0.19244280457496643, 0.19147536158561707, 0.18909373879432678, 0.1751180738210678, 0.12040985375642776, 0.09937287867069244, 0.09372315555810928, 0.6281988620758057, 0.5650541186332703, 0.3768085539340973, 0.29888084530830383, 0.19607092440128326, 0.1988372653722763, 0.19141438603401184, 0.18381544947624207, 0.22824539244174957, 0.25740498304367065, 0.25939783453941345, 0.2563539743423462, 0.25734880566596985, 0.258122980594635, 0.25633981823921204, 0.2549039125442505, 0.2539069354534149, 0.25271809101104736, 0.24657279253005981, 0.24632403254508972, 0.2416745126247406, 0.2424318641424179, 0.2431642711162567, 0.2421727180480957, 0.24250631034374237, 0.24241462349891663, 0.2421797215938568, 0.23957739770412445, 0.24002434313297272, 0.24176299571990967, 0.23789475858211517, 0.23350439965724945, 0.22879955172538757, 0.22656236588954926, 0.2270452231168747, 0.22197310626506805, 0.21994933485984802, 0.21987862884998322], "binary_accuracy": [0.4292502701282501, 0.3495248258113861, 0.341869056224823, 0.8767159581184387, 0.9604012966156006, 0.9738648533821106, 0.9825765490531921, 0.9828405380249023, 0.9778246879577637, 0.975712776184082, 0.9838964939117432, 0.9883843660354614, 0.9907602667808533, 0.9926082491874695, 0.9926082491874695, 0.9912883043289185, 0.9926082491874695, 0.9746568202972412, 0.8994192481040955, 0.9025871157646179, 0.9023231267929077, 0.9023231267929077, 0.9023231267929077, 0.9023231267929077, 0.9023231267929077, 0.9023231267929077, 0.9023231267929077, 0.9023231267929077, 0.9023231267929077, 0.9023231267929077, 0.9023231267929077, 0.9023231267929077, 0.9023231267929077, 0.9023231267929077, 0.9023231267929077, 0.9023231267929077, 0.9023231267929077, 0.9023231267929077, 0.9023231267929077, 0.9023231267929077, 0.9023231267929077, 0.9023231267929077, 0.9023231267929077, 0.9025871157646179, 0.9073389768600464, 0.9091868996620178, 0.910770833492279, 0.9118268489837646, 0.9142027497291565, 0.9142027497291565, 0.9147307276725769, 0.917370617389679, 0.9176346063613892, 0.9186906218528748, 0.9205385446548462, 0.9213305115699768, 0.9221224784851074, 0.9239704608917236, 0.9332101345062256, 0.9677930474281311, 0.9809926152229309, 0.9899682998657227, 0.6008448004722595, 0.6974656581878662, 0.7386483550071716, 0.839229166507721, 0.9482576847076416, 0.9485216736793518, 0.9532734751701355, 0.9585533142089844, 0.9688490033149719, 0.9688490033149719, 0.960929274559021, 0.9614572525024414, 0.9614572525024414, 0.9614572525024414, 0.9614572525024414, 0.9617212414741516, 0.9617212414741516, 0.9619852304458618, 0.9627771973609924, 0.9627771973609924, 0.9633051753044128, 0.9633051753044128, 0.9633051753044128, 0.9633051753044128, 0.9633051753044128, 0.9633051753044128, 0.9633051753044128, 0.963569164276123, 0.963569164276123, 0.9633051753044128, 0.9638331532478333, 0.9643611311912537, 0.9648891091346741, 0.9651530981063843, 0.9651530981063843, 0.9656810760498047, 0.9659450650215149, 0.9659450650215149], "val_loss": [0.6922734975814819, 0.6948930621147156, 0.6930537223815918, 0.292680948972702, 0.13974586129188538, 0.1705501228570938, 0.1789507120847702, 0.14947986602783203, 0.10938537120819092, 0.1530456691980362, 0.1280694603919983, 0.1529621183872223, 0.12901808321475983, 0.13660918176174164, 0.16131503880023956, 0.1402742713689804, 0.13944457471370697, 0.5461307168006897, 0.30608057975769043, 0.3103911578655243, 0.2937166392803192, 0.30528903007507324, 0.3004951775074005, 0.30851423740386963, 0.30505186319351196, 0.3010219931602478, 0.3006216287612915, 0.30779147148132324, 0.29701364040374756, 0.3084486126899719, 0.3022960126399994, 0.29604509472846985, 0.2929247319698334, 0.3037099838256836, 0.303686261177063, 0.3042142391204834, 0.30733203887939453, 0.2981733977794647, 0.30446305871009827, 0.30459317564964294, 0.29423949122428894, 0.297286719083786, 0.3035683035850525, 0.2902596890926361, 0.29080483317375183, 0.2964845299720764, 0.290219247341156, 0.2947516441345215, 0.2847036123275757, 0.29523369669914246, 0.2834513187408447, 0.28900572657585144, 0.2931176424026489, 0.29520970582962036, 0.2879711389541626, 0.2902146577835083, 0.2922185957431793, 0.28967612981796265, 0.1923140585422516, 0.17266251146793365, 0.14866046607494354, 0.16000451147556305, 0.6317371726036072, 0.5089941024780273, 0.44843971729278564, 0.21522308886051178, 0.2546669542789459, 0.2569214105606079, 0.251990407705307, 0.2372167408466339, 0.25728753209114075, 0.35172978043556213, 0.27908435463905334, 0.2809292674064636, 0.2695494592189789, 0.2777453362941742, 0.28130683302879333, 0.295971542596817, 0.27358582615852356, 0.29468396306037903, 0.27899253368377686, 0.2739959955215454, 0.2639102637767792, 0.2667030990123749, 0.27696582674980164, 0.27255648374557495, 0.27897581458091736, 0.27558138966560364, 0.27777495980262756, 0.27758288383483887, 0.273153692483902, 0.276511549949646, 0.2715597152709961, 0.2732557952404022, 0.27318525314331055, 0.26947182416915894, 0.27910473942756653, 0.26938438415527344, 0.2647635042667389, 0.2696889042854309],