{"loss": [0.5420218110084534, 0.2824130952358246, 0.15692812204360962, 0.14033126831054688, 0.1074291467666626, 0.07431667298078537, 0.08214059472084045, 0.0670156180858612, 0.06737691909074783, 0.09394758194684982, 0.04169866070151329, 0.029656002297997475, 0.05485548824071884, 0.04178529232740402, 0.041038814932107925, 0.06234227493405342, 0.03640936687588692, 0.03329966589808464, 0.017171259969472885, 0.01002976018935442, 0.010128652676939964, 0.010572832077741623, 0.00862486194819212, 0.0198005773127079, 0.12119610607624054, 0.037784066051244736, 0.02424526773393154, 0.015754951164126396, 0.018223818391561508, 0.020302508026361465, 0.014355185441672802, 0.011260578408837318, 0.23770077526569366, 0.07639926671981812, 0.0697907954454422, 0.07274804264307022, 0.028754619881510735, 0.01726427860558033, 0.06378839910030365, 0.03498689830303192, 0.021082168444991112, 0.013047885149717331, 0.019821591675281525, 0.008178173564374447, 0.007618137169629335, 0.008005194365978241, 0.02764923684298992, 0.028694212436676025, 0.028465108945965767, 0.02792026288807392, 0.013464092276990414, 0.011635351926088333, 0.008776063099503517, 0.00488841300830245, 0.0039032157510519028, 0.003925153519958258, 0.0035717240534722805, 0.005144872236996889, 0.0031516735907644033, 0.003342554671689868, 0.0036700773052871227, 0.1490018218755722, 0.24683202803134918, 0.06581724435091019, 0.040337007492780685, 0.024143695831298828, 0.02323342114686966, 0.016259580850601196, 0.016010241582989693, 0.010428525507450104, 0.05878330022096634, 0.06011262908577919, 0.038532424718141556, 0.03178013116121292, 0.01698813959956169, 0.011939316056668758, 0.013058364391326904, 0.019803037866950035, 0.00963710155338049, 0.007992811501026154, 0.007279265206307173, 0.006456085480749607, 0.0048887599259614944, 0.012983936816453934, 0.010526096448302269, 0.005031209904700518, 0.0034400722943246365, 0.0033635797444730997, 0.0031114425510168076, 0.01249854639172554, 0.00424226513132453, 0.0026747246738523245, 0.0024390690959990025, 0.0038508246652781963, 0.00400963518768549, 0.0021318928338587284, 0.0020657372660934925, 0.0020089379977434874, 0.001980162225663662, 0.001763927168212831], "binary_accuracy": [0.8437169790267944, 0.9218584895133972, 0.9596092700958252, 0.9596092700958252, 0.9775606989860535, 0.9828405380249023, 0.9765047430992126, 0.9817845821380615, 0.9825765490531921, 0.9659450650215149, 0.9870644211769104, 0.9926082491874695, 0.9807286262512207, 0.9849525094032288, 0.9838964939117432, 0.9809926152229309, 0.9846884608268738, 0.9902322888374329, 0.9941921830177307, 0.9970961213111877, 0.9976240992546082, 0.9968320727348328, 0.9976240992546082, 0.9957761168479919, 0.9804646372795105, 0.9886483550071716, 0.9955121278762817, 0.9949841499328613, 0.9939281940460205, 0.9928722381591797, 0.9963040947914124, 0.9960401058197021, 0.9136747717857361, 0.9815205931663513, 0.9860084652900696, 0.9881203770637512, 0.9934002161026001, 0.9955121278762817, 0.9904962778091431, 0.9902322888374329, 0.9949841499328613, 0.9968320727348328, 0.9923442602157593, 0.9968320727348328, 0.9963040947914124, 0.9965680837631226, 0.9947201609611511, 0.9936642050743103, 0.9894403219223022, 0.9897043108940125, 0.9955121278762817, 0.9957761168479919, 0.9965680837631226, 0.998680055141449, 0.9989440441131592, 0.9989440441131592, 0.9989440441131592, 0.9981520771980286, 0.9989440441131592, 0.9989440441131592, 0.998680055141449, 0.9683210253715515, 0.921594500541687, 0.9823125600814819, 0.98653644323349, 0.9928722381591797, 0.9936642050743103, 0.9936642050743103, 0.9952481389045715, 0.9968320727348328, 0.975712776184082, 0.9815205931663513, 0.987856388092041, 0.9897043108940125, 0.9936642050743103, 0.9957761168479919, 0.9949841499328613, 0.9949841499328613, 0.9965680837631226, 0.997360110282898, 0.9978880882263184, 0.9984160661697388, 0.9981520771980286, 0.9963040947914124, 0.9965680837631226, 0.9981520771980286, 0.9992080330848694, 0.9992080330848694, 0.9992080330848694, 0.9968320727348328, 0.9989440441131592, 0.9992080330848694, 0.9992080330848694, 0.998680055141449, 0.9989440441131592, 0.9994720220565796, 0.9994720220565796, 0.9994720220565796, 0.9994720220565796, 0.9994720220565796], "val_loss": [0.24518752098083496, 0.22449707984924316, 0.16682849824428558, 0.1840842068195343, 0.15118853747844696, 0.22578683495521545, 0.16763660311698914, 0.16709157824516296, 0.1929672509431839, 0.20595571398735046, 0.16169707477092743, 0.23185233771800995, 0.22000828385353088, 0.20099742710590363, 0.18860599398612976, 0.22908803820610046, 0.21038323640823364, 0.200503870844841, 0.17617647349834442, 0.18411298096179962, 0.21336065232753754, 0.19132986664772034, 0.2043643444776535, 0.23366257548332214, 0.1463577151298523, 0.13670578598976135, 0.1540803611278534, 0.16125690937042236, 0.19636689126491547, 0.17828331887722015, 0.18289479613304138, 0.21716028451919556, 0.3482087552547455, 0.2757556438446045, 0.18615354597568512, 0.19523683190345764, 0.1936945766210556, 0.19877475500106812, 0.5242393612861633, 0.22910436987876892, 0.21642929315567017, 0.22681571543216705, 0.2277514487504959, 0.2381761223077774, 0.2618080973625183, 0.25052979588508606, 0.26322853565216064, 0.24876326322555542, 0.3178170919418335, 0.2342783361673355, 0.23284262418746948, 0.2429051399230957, 0.2275463044643402, 0.23302921652793884, 0.2397996187210083, 0.2505434453487396, 0.24875828623771667, 0.2566177248954773, 0.26472771167755127, 0.2713724374771118, 0.2733060419559479, 0.6739360690116882, 0.254160612821579, 0.23709526658058167, 0.26016750931739807, 0.2592449486255646, 0.3031858801841736, 0.264212042093277, 0.2743009626865387, 0.3050142228603363, 0.32635626196861267, 0.3266693651676178, 0.26252231001853943, 0.2945123314857483, 0.2755049467086792, 0.27551907300949097, 0.2952248454093933, 0.2784329354763031, 0.2799088656902313, 0.2923148274421692, 0.3208125829696655, 0.3624795377254486, 0.3223046660423279, 0.37349969148635864, 0.33934107422828674, 0.315451443195343, 0.3206365704536438, 0.3197018802165985, 0.33509954810142517, 0.3572462499141693, 0.33998584747314453, 0.3357377350330353, 0.33727943897247314, 0.3328761160373688, 0.3466126024723053, 0.3639782667160034, 0.3592027425765991, 0.35862937569618225, 0.3669901192188263, 0.3580388128757477],